 t   |   price | forecast |   budget |   â‚¬.flow |    value |  net.Val | shares | action | reward | state               
 000 |   354.0 |    288.2 |   2200.0 |      0.0 |      0.0 |      0.0 |    0.0 | buy    |    0.0 | EVEN_DOWN_NOTHAVE_PRED_UNK
 001 |   338.2 |    294.5 |   1846.0 |   -354.0 |    338.2 |    -15.8 |    1.0 | buy    |    0.0 | LOSE_DOWN_YESHAVE_PRED_UNK
 002 |   333.7 |    298.5 |   1507.8 |   -692.2 |    667.4 |    -24.9 |    2.0 | sell   |   -1.0 | LOSE_DOWN_YESHAVE_PRED_OOK
 003 |   345.6 |    299.9 |   1841.5 |   -358.6 |    345.6 |    -12.9 |    1.0 | sell   |   -1.0 | LOSE_DOWN_YESHAVE_PRED_NOK
 004 |   343.4 |    302.9 |   2187.1 |    -12.9 |      0.0 |    -12.9 |    0.0 | buy    |    0.0 | LOSE_DOWN_NOTHAVE_PRED_OOK
 005 |   345.6 |    305.4 |   1843.7 |   -356.3 |    345.6 |    -10.7 |    1.0 | sell   |   -1.0 | LOSE_DOWN_YESHAVE_PRED_NOK
 006 |   360.5 |    307.6 |   2189.4 |    -10.7 |      0.0 |    -10.7 |    0.0 | buy    |    0.0 | LOSE_DOWN_NOTHAVE_PRED_NOK
 007 |   392.0 |    312.6 |   1828.9 |   -371.2 |    392.0 |    +20.8 |    1.0 | sell   |  +10.0 | LOSE_DOWN_YESHAVE_PRED_NOK
 008 |   425.5 |    324.8 |   2220.9 |    +20.8 |      0.0 |    +20.8 |    0.0 | buy    |    0.0 | WINN_DOWN_NOTHAVE_PRED_NOK
 009 |   401.5 |    345.3 |   1795.4 |   -404.7 |    401.5 |     -3.2 |    1.0 | sell   |   -1.0 | LOSE_DOWN_YESHAVE_PRED_OOK
 010 |   399.6 |    358.5 |   2196.9 |     -3.2 |      0.0 |     -3.2 |    0.0 | buy    |    0.0 | LOSE_DOWN_NOTHAVE_PRED_OOK
 011 |   399.6 |    365.6 |   1797.3 |   -402.8 |    399.6 |     -3.2 |    1.0 | sell   |   -1.0 | LOSE_DOWN_YESHAVE_PRED_NOK
 012 |   407.3 |    369.0 |   2196.9 |     -3.2 |      0.0 |     -3.2 |    0.0 | buy    |    0.0 | LOSE_DOWN_NOTHAVE_PRED_NOK
 013 |   405.8 |    372.4 |   1789.6 |   -410.5 |    405.8 |     -4.7 |    1.0 | sell   |   -1.0 | LOSE_DOWN_YESHAVE_PRED_OOK
 014 |   418.5 |    374.8 |   2195.3 |     -4.7 |      0.0 |     -4.7 |    0.0 | buy    |    0.0 | LOSE_DOWN_NOTHAVE_PRED_NOK
 015 |   452.1 |    379.4 |   1776.8 |   -423.2 |    452.1 |    +28.9 |    1.0 | sell   |  +10.0 | LOSE_DOWN_YESHAVE_PRED_NOK
 016 |   443.4 |    392.3 |   2229.0 |    +28.9 |      0.0 |    +28.9 |    0.0 | buy    |    0.0 | WINN_DOWN_NOTHAVE_PRED_OOK
 017 |   449.5 |    403.0 |   1785.6 |   -414.5 |    449.5 |    +35.0 |    1.0 | sell   |  +10.0 | LOSE_DOWN_YESHAVE_PRED_NOK
 018 |   464.2 |    412.1 |   2235.1 |    +35.0 |      0.0 |    +35.0 |    0.0 | buy    |    0.0 | WINN_DOWN_NOTHAVE_PRED_NOK
 019 |   453.1 |    422.6 |   1770.8 |   -429.2 |    453.1 |    +23.9 |    1.0 | sell   |  +10.0 | LOSE_DOWN_YESHAVE_PRED_OOK
 020 |   454.1 |    428.2 |   2223.9 |    +23.9 |      0.0 |    +23.9 |    0.0 | buy    |    0.0 | WINN_DOWN_NOTHAVE_PRED_NOK
 021 |   468.0 |    431.2 |   1769.8 |   -430.2 |    468.0 |    +37.8 |    1.0 | sell   |  +10.0 | LOSE_DOWN_YESHAVE_PRED_NOK
 022 |   486.9 |    436.5 |   2237.8 |    +37.8 |      0.0 |    +37.8 |    0.0 | buy    |    0.0 | WINN_DOWN_NOTHAVE_PRED_NOK
 023 |   486.9 |    446.6 |   1750.9 |   -449.1 |    486.9 |    +37.8 |    1.0 | sell   |  +10.0 | LOSE_DOWN_YESHAVE_PRED_NOK
 024 |   454.6 |    456.1 |   2237.8 |    +37.8 |      0.0 |    +37.8 |    0.0 | buy    |    0.0 | WINN_GOUP_NOTHAVE_PRED_OOK
 025 |   429.1 |    454.2 |   1783.2 |   -416.9 |    429.1 |    +12.3 |    1.0 | sell   |  +10.0 | LOSE_GOUP_YESHAVE_PRED_NOK
 026 |   429.1 |    442.1 |   2212.3 |    +12.3 |      0.0 |    +12.3 |    0.0 | buy    |    0.0 | WINN_GOUP_NOTHAVE_PRED_OOK
 027 |   449.8 |    429.6 |   1783.2 |   -416.9 |    449.8 |    +32.9 |    1.0 | sell   |  +10.0 | LOSE_DOWN_YESHAVE_PRED_OOK
 028 |   457.0 |    425.3 |   2232.9 |    +32.9 |      0.0 |    +32.9 |    0.0 | buy    |    0.0 | WINN_DOWN_NOTHAVE_PRED_NOK
 029 |   436.5 |    426.5 |   1775.9 |   -424.1 |    436.5 |    +12.4 |    1.0 | sell   |  +10.0 | LOSE_DOWN_YESHAVE_PRED_OOK
 030 |   436.4 |    423.5 |   2212.4 |    +12.4 |      0.0 |    +12.4 |    0.0 | buy    |    0.0 | WINN_DOWN_NOTHAVE_PRED_OOK
 031 |   430.3 |    419.6 |   1776.0 |   -424.0 |    430.3 |     +6.3 |    1.0 | sell   |  +10.0 | LOSE_DOWN_YESHAVE_PRED_OOK
 032 |   396.1 |    414.6 |   2206.3 |     +6.3 |      0.0 |     +6.3 |    0.0 | buy    |    0.0 | WINN_GOUP_NOTHAVE_PRED_OOK
 033 |   411.0 |    401.6 |   1810.2 |   -389.8 |    411.0 |    +21.2 |    1.0 | sell   |  +10.0 | LOSE_DOWN_YESHAVE_PRED_OOK
 034 |   425.5 |    392.7 |   2221.2 |    +21.2 |      0.0 |    +21.2 |    0.0 | buy    |    0.0 | WINN_DOWN_NOTHAVE_PRED_NOK
 035 |   410.1 |    390.9 |   1795.7 |   -404.3 |    410.1 |     +5.8 |    1.0 | sell   |  +10.0 | LOSE_DOWN_YESHAVE_PRED_OOK
 036 |   392.0 |    387.8 |   2205.8 |     +5.8 |      0.0 |     +5.8 |    0.0 | buy    |    0.0 | WINN_DOWN_NOTHAVE_PRED_OOK
 037 |   386.1 |    380.3 |   1813.8 |   -386.2 |    386.1 |     -0.1 |    1.0 | sell   |   -1.0 | LOSE_DOWN_YESHAVE_PRED_OOK
 038 |   382.3 |    371.5 |   2199.9 |     -0.1 |      0.0 |     -0.1 |    0.0 | buy    |    0.0 | LOSE_DOWN_NOTHAVE_PRED_OOK
 039 |   382.3 |    363.2 |   1817.6 |   -382.4 |    382.3 |     -0.1 |    1.0 | sell   |   -1.0 | LOSE_DOWN_YESHAVE_PRED_NOK
 040 |   360.8 |    356.7 |   2199.9 |     -0.1 |      0.0 |     -0.1 |    0.0 | buy    |    0.0 | LOSE_DOWN_NOTHAVE_PRED_OOK
 041 |   371.1 |    347.0 |   1839.1 |   -360.9 |    371.1 |    +10.2 |    1.0 | sell   |  +10.0 | LOSE_DOWN_YESHAVE_PRED_NOK
 042 |   369.9 |    340.8 |   2210.2 |    +10.2 |      0.0 |    +10.2 |    0.0 | buy    |    0.0 | WINN_DOWN_NOTHAVE_PRED_OOK
 043 |   358.2 |    336.9 |   1840.3 |   -359.7 |    358.2 |     -1.4 |    1.0 | sell   |   -1.0 | LOSE_DOWN_YESHAVE_PRED_OOK
 044 |   369.0 |    332.0 |   2198.6 |     -1.4 |      0.0 |     -1.4 |    0.0 | buy    |    0.0 | LOSE_DOWN_NOTHAVE_PRED_NOK
 045 |   373.6 |    330.1 |   1829.6 |   -370.4 |    373.6 |     +3.2 |    1.0 | sell   |  +10.0 | LOSE_DOWN_YESHAVE_PRED_NOK
 046 |   414.1 |    330.6 |   2203.2 |     +3.2 |      0.0 |     +3.2 |    0.0 | buy    |    0.0 | WINN_DOWN_NOTHAVE_PRED_NOK
 047 |   414.1 |    341.2 |   1789.0 |   -411.0 |    414.1 |     +3.2 |    1.0 | sell   |  +10.0 | LOSE_DOWN_YESHAVE_PRED_NOK
 048 |   413.2 |    353.0 |   2203.2 |     +3.2 |      0.0 |     +3.2 |    0.0 | buy    |    0.0 | WINN_DOWN_NOTHAVE_PRED_OOK
 049 |   406.2 |    362.2 |   1789.9 |   -410.1 |    406.2 |     -3.8 |    1.0 | sell   |   -1.0 | LOSE_DOWN_YESHAVE_PRED_OOK
 050 |   372.2 |    366.8 |   2196.2 |     -3.8 |      0.0 |     -3.8 |    0.0 | buy    |    0.0 | LOSE_DOWN_NOTHAVE_PRED_OOK
 051 |   368.9 |    360.8 |   1824.0 |   -376.0 |    368.9 |     -7.1 |    1.0 | sell   |   -1.0 | LOSE_DOWN_YESHAVE_PRED_OOK
 052 |   363.1 |    352.1 |   2192.9 |     -7.1 |      0.0 |     -7.1 |    0.0 | buy    |    0.0 | LOSE_DOWN_NOTHAVE_PRED_OOK
 053 |   352.4 |    343.3 |   1829.8 |   -370.2 |    352.4 |    -17.8 |    1.0 | sell   |   -1.0 | LOSE_DOWN_YESHAVE_PRED_OOK
 054 |   371.1 |    333.8 |   2182.2 |    -17.8 |      0.0 |    -17.8 |    0.0 | buy    |    0.0 | LOSE_DOWN_NOTHAVE_PRED_NOK
 055 |   388.1 |    330.2 |   1811.1 |   -388.9 |    388.1 |     -0.8 |    1.0 | sell   |   -1.0 | LOSE_DOWN_YESHAVE_PRED_NOK
 056 |   400.0 |    333.1 |   2199.2 |     -0.8 |      0.0 |     -0.8 |    0.0 | buy    |    0.0 | LOSE_DOWN_NOTHAVE_PRED_NOK
 057 |   380.1 |    340.1 |   1799.2 |   -400.8 |    380.1 |    -20.7 |    1.0 | sell   |   -1.0 | LOSE_DOWN_YESHAVE_PRED_OOK
 058 |   384.8 |    342.4 |   2179.3 |    -20.7 |      0.0 |    -20.7 |    0.0 | buy    |    0.0 | LOSE_DOWN_NOTHAVE_PRED_NOK
 059 |   384.8 |    343.6 |   1794.5 |   -405.5 |    384.8 |    -20.7 |    1.0 | sell   |   -1.0 | LOSE_DOWN_YESHAVE_PRED_NOK
 060 |   367.9 |    344.3 |   2179.3 |    -20.7 |      0.0 |    -20.7 |    0.0 | buy    |    0.0 | LOSE_DOWN_NOTHAVE_PRED_OOK
 061 |   367.4 |    341.2 |   1811.4 |   -388.6 |    367.4 |    -21.2 |    1.0 | sell   |   -1.0 | LOSE_DOWN_YESHAVE_PRED_OOK
 062 |   367.4 |    337.5 |   2178.8 |    -21.2 |      0.0 |    -21.2 |    0.0 | buy    |    0.0 | LOSE_DOWN_NOTHAVE_PRED_NOK
 063 |   356.2 |    334.9 |   1811.4 |   -388.6 |    356.2 |    -32.4 |    1.0 | sell   |   -1.0 | LOSE_DOWN_YESHAVE_PRED_OOK
 064 |   361.6 |    330.6 |   2167.6 |    -32.4 |      0.0 |    -32.4 |    0.0 | buy    |    0.0 | LOSE_DOWN_NOTHAVE_PRED_NOK
 065 |   368.6 |    327.9 |   1806.1 |   -393.9 |    368.6 |    -25.3 |    1.0 | sell   |   -1.0 | LOSE_DOWN_YESHAVE_PRED_NOK
 066 |   364.3 |    327.9 |   2174.7 |    -25.3 |      0.0 |    -25.3 |    0.0 | buy    |    0.0 | LOSE_DOWN_NOTHAVE_PRED_OOK
 067 |   347.0 |    327.7 |   1810.4 |   -389.6 |    347.0 |    -42.6 |    1.0 | sell   |   -1.0 | LOSE_DOWN_YESHAVE_PRED_OOK
 068 |   353.0 |    323.4 |   2157.4 |    -42.6 |      0.0 |    -42.6 |    0.0 | buy    |    0.0 | LOSE_DOWN_NOTHAVE_PRED_NOK
 069 |   357.5 |    320.0 |   1804.4 |   -395.6 |    357.5 |    -38.1 |    1.0 | sell   |   -1.0 | LOSE_DOWN_YESHAVE_PRED_NOK
 070 |   366.9 |    318.7 |   2161.9 |    -38.1 |      0.0 |    -38.1 |    0.0 | buy    |    0.0 | LOSE_DOWN_NOTHAVE_PRED_NOK
 071 |   366.9 |    320.2 |   1795.1 |   -405.0 |    366.9 |    -38.1 |    1.0 | sell   |   -1.0 | LOSE_DOWN_YESHAVE_PRED_NOK
 072 |   354.1 |    322.5 |   2161.9 |    -38.1 |      0.0 |    -38.1 |    0.0 | buy    |    0.0 | LOSE_DOWN_NOTHAVE_PRED_OOK
 073 |   353.1 |    321.8 |   1807.8 |   -392.2 |    353.1 |    -39.2 |    1.0 | sell   |   -1.0 | LOSE_DOWN_YESHAVE_PRED_OOK
 074 |   343.8 |    320.0 |   2160.8 |    -39.2 |      0.0 |    -39.2 |    0.0 | buy    |    0.0 | LOSE_DOWN_NOTHAVE_PRED_OOK
 075 |   337.1 |    316.2 |   1817.1 |   -382.9 |    337.1 |    -45.8 |    1.0 | sell   |   -1.0 | LOSE_DOWN_YESHAVE_PRED_OOK
 076 |   336.8 |    311.1 |   2154.2 |    -45.8 |      0.0 |    -45.8 |    0.0 | buy    |    0.0 | LOSE_DOWN_NOTHAVE_PRED_OOK
 077 |   343.6 |    306.6 |   1817.4 |   -382.6 |    343.6 |    -39.0 |    1.0 | sell   |   -1.0 | LOSE_DOWN_YESHAVE_PRED_NOK
 078 |   357.9 |    304.7 |   2161.0 |    -39.0 |      0.0 |    -39.0 |    0.0 | buy    |    0.0 | LOSE_DOWN_NOTHAVE_PRED_NOK
 079 |   342.6 |    307.1 |   1803.0 |   -397.0 |    342.6 |    -54.3 |    1.0 | sell   |   -1.0 | LOSE_DOWN_YESHAVE_PRED_OOK
 080 |   347.6 |    307.3 |   2145.7 |    -54.3 |      0.0 |    -54.3 |    0.0 | buy    |    0.0 | LOSE_DOWN_NOTHAVE_PRED_NOK
 081 |   338.8 |    307.5 |   1798.1 |   -401.9 |    338.8 |    -63.1 |    1.0 | sell   |   -1.0 | LOSE_DOWN_YESHAVE_PRED_OOK
 082 |   334.6 |    305.8 |   2136.9 |    -63.1 |      0.0 |    -63.1 |    0.0 | buy    |    0.0 | LOSE_DOWN_NOTHAVE_PRED_OOK
 083 |   334.6 |    303.0 |   1802.3 |   -397.8 |    334.6 |    -63.1 |    1.0 | sell   |   -1.0 | LOSE_DOWN_YESHAVE_PRED_NOK
 084 |   329.5 |    300.4 |   2136.9 |    -63.1 |      0.0 |    -63.1 |    0.0 | buy    |    0.0 | LOSE_DOWN_NOTHAVE_PRED_OOK
 085 |   328.4 |    297.4 |   1807.4 |   -392.6 |    328.4 |    -64.2 |    1.0 | sell   |   -1.0 | LOSE_DOWN_YESHAVE_PRED_OOK
 086 |   337.0 |    294.7 |   2135.8 |    -64.2 |      0.0 |    -64.2 |    0.0 | buy    |    0.0 | LOSE_DOWN_NOTHAVE_PRED_NOK
 087 |   353.4 |    294.5 |   1798.8 |   -401.2 |    353.4 |    -47.8 |    1.0 | sell   |   -1.0 | LOSE_DOWN_YESHAVE_PRED_NOK
 088 |   378.2 |    298.7 |   2152.2 |    -47.8 |      0.0 |    -47.8 |    0.0 | buy    |    0.0 | LOSE_DOWN_NOTHAVE_PRED_NOK
 089 |   377.9 |    309.0 |   1774.0 |   -426.1 |    377.9 |    -48.2 |    1.0 | sell   |   -1.0 | LOSE_DOWN_YESHAVE_PRED_OOK
 090 |   403.7 |    319.2 |   2151.8 |    -48.2 |      0.0 |    -48.2 |    0.0 | buy    |    0.0 | LOSE_DOWN_NOTHAVE_PRED_NOK
 091 |   371.8 |    333.1 |   1748.1 |   -451.9 |    371.8 |    -80.1 |    1.0 | sell   |   -1.0 | LOSE_DOWN_YESHAVE_PRED_OOK
 092 |   353.9 |    338.4 |   2119.9 |    -80.1 |      0.0 |    -80.1 |    0.0 | buy    |    0.0 | LOSE_DOWN_NOTHAVE_PRED_OOK
 093 |   367.9 |    335.6 |   1766.0 |   -434.0 |    367.9 |    -66.0 |    1.0 | sell   |   -1.0 | LOSE_DOWN_YESHAVE_PRED_NOK
 094 |   370.1 |    334.2 |   2134.0 |    -66.0 |      0.0 |    -66.0 |    0.0 | buy    |    0.0 | LOSE_DOWN_NOTHAVE_PRED_NOK
 095 |   390.6 |    334.2 |   1763.9 |   -436.1 |    390.6 |    -45.5 |    1.0 | sell   |   -1.0 | LOSE_DOWN_YESHAVE_PRED_NOK
 096 |   382.1 |    339.5 |   2154.5 |    -45.5 |      0.0 |    -45.5 |    0.0 | buy    |    0.0 | LOSE_DOWN_NOTHAVE_PRED_OOK
 097 |   381.1 |    343.5 |   1772.4 |   -427.6 |    381.1 |    -46.5 |    1.0 | sell   |   -1.0 | LOSE_DOWN_YESHAVE_PRED_OOK
 098 |   381.1 |    346.0 |   2153.5 |    -46.5 |      0.0 |    -46.5 |    0.0 | buy    |    0.0 | LOSE_DOWN_NOTHAVE_PRED_NOK
 099 |   376.4 |    347.6 |   1772.4 |   -427.6 |    376.4 |    -51.2 |    1.0 | sell   |   -1.0 | LOSE_DOWN_YESHAVE_PRED_OOK
 100 |   387.2 |    347.4 |   2148.9 |    -51.2 |      0.0 |    -51.2 |    0.0 | buy    |    0.0 | LOSE_DOWN_NOTHAVE_PRED_NOK
 101 |   386.8 |    349.2 |   1761.6 |   -438.4 |    386.8 |    -51.6 |    1.0 | sell   |   -1.0 | LOSE_DOWN_YESHAVE_PRED_OOK
 102 |   384.0 |    351.2 |   2148.4 |    -51.6 |      0.0 |    -51.6 |    0.0 | buy    |    0.0 | LOSE_DOWN_NOTHAVE_PRED_OOK
 103 |   386.0 |    352.0 |   1764.4 |   -435.6 |    386.0 |    -49.6 |    1.0 | sell   |   -1.0 | LOSE_DOWN_YESHAVE_PRED_NOK
 104 |   395.4 |    353.0 |   2150.4 |    -49.6 |      0.0 |    -49.6 |    0.0 | buy    |    0.0 | LOSE_DOWN_NOTHAVE_PRED_NOK
 105 |   383.4 |    356.1 |   1755.1 |   -444.9 |    383.4 |    -61.5 |    1.0 | sell   |   -1.0 | LOSE_DOWN_YESHAVE_PRED_OOK
 106 |   381.2 |    356.5 |   2138.5 |    -61.5 |      0.0 |    -61.5 |    0.0 | buy    |    0.0 | LOSE_DOWN_NOTHAVE_PRED_OOK
 107 |   382.5 |    355.4 |   1757.3 |   -442.7 |    382.5 |    -60.2 |    1.0 | sell   |   -1.0 | LOSE_DOWN_YESHAVE_PRED_NOK
 108 |   376.2 |    354.5 |   2139.8 |    -60.2 |      0.0 |    -60.2 |    0.0 | buy    |    0.0 | LOSE_DOWN_NOTHAVE_PRED_OOK
 109 |   376.3 |    352.5 |   1763.6 |   -436.5 |    376.3 |    -60.2 |    1.0 | sell   |   -1.0 | LOSE_DOWN_YESHAVE_PRED_NOK
 110 |   386.6 |    350.7 |   2139.9 |    -60.2 |      0.0 |    -60.2 |    0.0 | buy    |    0.0 | LOSE_DOWN_NOTHAVE_PRED_NOK
 111 |   386.5 |    351.6 |   1753.3 |   -446.7 |    386.5 |    -60.2 |    1.0 | sell   |   -1.0 | LOSE_DOWN_YESHAVE_PRED_OOK
 112 |   383.2 |    353.2 |   2139.8 |    -60.2 |      0.0 |    -60.2 |    0.0 | buy    |    0.0 | LOSE_DOWN_NOTHAVE_PRED_OOK
 113 |   387.6 |    354.0 |   1756.6 |   -443.4 |    387.6 |    -55.8 |    1.0 | sell   |   -1.0 | LOSE_DOWN_YESHAVE_PRED_NOK
 114 |   381.8 |    355.4 |   2144.2 |    -55.8 |      0.0 |    -55.8 |    0.0 | buy    |    0.0 | LOSE_DOWN_NOTHAVE_PRED_OOK
 115 |   381.8 |    355.5 |   1762.5 |   -437.6 |    381.8 |    -55.8 |    1.0 | sell   |   -1.0 | LOSE_DOWN_YESHAVE_PRED_NOK
 116 |   383.8 |    355.2 |   2144.3 |    -55.8 |      0.0 |    -55.8 |    0.0 | buy    |    0.0 | LOSE_DOWN_NOTHAVE_PRED_NOK
 117 |   382.5 |    355.4 |   1760.5 |   -439.5 |    382.5 |    -57.0 |    1.0 | sell   |   -1.0 | LOSE_DOWN_YESHAVE_PRED_OOK
 118 |   387.1 |    355.6 |   2143.0 |    -57.0 |      0.0 |    -57.0 |    0.0 | buy    |    0.0 | LOSE_DOWN_NOTHAVE_PRED_NOK
 119 |   387.1 |    356.8 |   1755.9 |   -444.1 |    387.1 |    -57.0 |    1.0 | sell   |   -1.0 | LOSE_DOWN_YESHAVE_PRED_NOK
 120 |   406.6 |    358.0 |   2143.0 |    -57.0 |      0.0 |    -57.0 |    0.0 | buy    |    0.0 | LOSE_DOWN_NOTHAVE_PRED_NOK
 121 |   400.3 |    363.5 |   1736.4 |   -463.6 |    400.3 |    -63.3 |    1.0 | sell   |   -1.0 | LOSE_DOWN_YESHAVE_PRED_OOK
 122 |   395.0 |    367.7 |   2136.7 |    -63.3 |      0.0 |    -63.3 |    0.0 | buy    |    0.0 | LOSE_DOWN_NOTHAVE_PRED_OOK
 123 |   391.0 |    369.2 |   1741.7 |   -458.3 |    391.0 |    -67.3 |    1.0 | sell   |   -1.0 | LOSE_DOWN_YESHAVE_PRED_OOK
 124 |   390.6 |    368.8 |   2132.7 |    -67.3 |      0.0 |    -67.3 |    0.0 | buy    |    0.0 | LOSE_DOWN_NOTHAVE_PRED_OOK
 125 |   380.6 |    368.0 |   1742.2 |   -457.9 |    380.6 |    -77.2 |    1.0 | sell   |   -1.0 | LOSE_DOWN_YESHAVE_PRED_OOK
 126 |   386.6 |    365.2 |   2122.8 |    -77.2 |      0.0 |    -77.2 |    0.0 | buy    |    0.0 | LOSE_DOWN_NOTHAVE_PRED_NOK
 127 |   387.2 |    363.8 |   1736.1 |   -463.9 |    387.2 |    -76.6 |    1.0 | sell   |   -1.0 | LOSE_DOWN_YESHAVE_PRED_NOK
 128 |   377.1 |    363.5 |   2123.4 |    -76.6 |      0.0 |    -76.6 |    0.0 | buy    |    0.0 | LOSE_DOWN_NOTHAVE_PRED_OOK
 129 |   377.2 |    361.2 |   1746.3 |   -453.7 |    377.2 |    -76.5 |    1.0 | sell   |   -1.0 | LOSE_DOWN_YESHAVE_PRED_NOK
 130 |   371.9 |    358.9 |   2123.5 |    -76.5 |      0.0 |    -76.5 |    0.0 | buy    |    0.0 | LOSE_DOWN_NOTHAVE_PRED_OOK
 131 |   371.9 |    355.9 |   1751.6 |   -448.4 |    371.9 |    -76.5 |    1.0 | sell   |   -1.0 | LOSE_DOWN_YESHAVE_PRED_NOK
 132 |   345.0 |    353.4 |   2123.5 |    -76.5 |      0.0 |    -76.5 |    0.0 | buy    |    0.0 | LOSE_GOUP_NOTHAVE_PRED_OOK
 133 |   360.6 |    345.6 |   1778.5 |   -421.5 |    360.6 |    -60.9 |    1.0 | sell   |   -1.0 | LOSE_DOWN_YESHAVE_PRED_OOK
 134 |   349.9 |    341.4 |   2139.1 |    -60.9 |      0.0 |    -60.9 |    0.0 | buy    |    0.0 | LOSE_DOWN_NOTHAVE_PRED_OOK
 135 |   339.6 |    337.1 |   1789.3 |   -410.8 |    339.6 |    -71.2 |    1.0 | sell   |   -1.0 | LOSE_DOWN_YESHAVE_PRED_OOK
 136 |   345.8 |    331.4 |   2128.8 |    -71.2 |      0.0 |    -71.2 |    0.0 | buy    |    0.0 | LOSE_DOWN_NOTHAVE_PRED_NOK
 137 |   333.6 |    327.8 |   1783.1 |   -416.9 |    333.6 |    -83.3 |    1.0 | sell   |   -1.0 | LOSE_DOWN_YESHAVE_PRED_OOK
 138 |   325.3 |    323.1 |   2116.7 |    -83.3 |      0.0 |    -83.3 |    0.0 | buy    |    0.0 | LOSE_DOWN_NOTHAVE_PRED_OOK
 139 |   324.4 |    317.1 |   1791.4 |   -408.6 |    324.4 |    -84.2 |    1.0 | sell   |   -1.0 | LOSE_DOWN_YESHAVE_PRED_OOK
 140 |   336.8 |    311.7 |   2115.8 |    -84.2 |      0.0 |    -84.2 |    0.0 | buy    |    0.0 | LOSE_DOWN_NOTHAVE_PRED_NOK
 141 |   310.4 |    310.0 |   1779.0 |   -421.1 |    310.4 |   -110.7 |    1.0 | sell   |   -1.0 | LOSE_DOWN_YESHAVE_PRED_OOK
 142 |   293.4 |    304.4 |   2089.4 |   -110.7 |      0.0 |   -110.7 |    0.0 | buy    |    0.0 | LOSE_GOUP_NOTHAVE_PRED_OOK
 143 |   293.4 |    295.3 |   1796.0 |   -404.0 |    293.4 |   -110.7 |    1.0 | sell   |   -1.0 | LOSE_GOUP_YESHAVE_PRED_OOK
 144 |   301.8 |    286.8 |   2089.4 |   -110.7 |      0.0 |   -110.7 |    0.0 | buy    |    0.0 | LOSE_DOWN_NOTHAVE_PRED_OOK
 145 |   296.6 |    282.1 |   1787.6 |   -412.5 |    296.6 |   -115.9 |    1.0 | sell   |   -1.0 | LOSE_DOWN_YESHAVE_PRED_OOK
 146 |   301.6 |    278.4 |   2084.1 |   -115.9 |      0.0 |   -115.9 |    0.0 | buy    |    0.0 | LOSE_DOWN_NOTHAVE_PRED_NOK
 147 |   306.1 |    276.7 |   1782.5 |   -417.5 |    306.1 |   -111.4 |    1.0 | sell   |   -1.0 | LOSE_DOWN_YESHAVE_PRED_NOK
 148 |   292.4 |    276.8 |   2088.6 |   -111.4 |      0.0 |   -111.4 |    0.0 | buy    |    0.0 | LOSE_DOWN_NOTHAVE_PRED_OOK
 149 |   297.1 |    274.7 |   1796.3 |   -403.8 |    297.1 |   -106.7 |    1.0 | sell   |   -1.0 | LOSE_DOWN_YESHAVE_PRED_NOK
 150 |   289.4 |    273.1 |   2093.4 |   -106.7 |      0.0 |   -106.7 |    0.0 | buy    |    0.0 | LOSE_DOWN_NOTHAVE_PRED_OOK
 151 |   277.7 |    270.6 |   1804.0 |   -396.1 |    277.7 |   -118.4 |    1.0 | sell   |   -1.0 | LOSE_DOWN_YESHAVE_PRED_OOK
 152 |   299.0 |    266.0 |   2081.7 |   -118.4 |      0.0 |   -118.4 |    0.0 | buy    |    0.0 | LOSE_DOWN_NOTHAVE_PRED_NOK
 153 |   293.1 |    265.5 |   1782.7 |   -417.4 |    293.1 |   -124.2 |    1.0 | sell   |   -1.0 | LOSE_DOWN_YESHAVE_PRED_OOK
 154 |   293.4 |    265.7 |   2075.8 |   -124.2 |      0.0 |   -124.2 |    0.0 | buy    |    0.0 | LOSE_DOWN_NOTHAVE_PRED_NOK
 155 |   293.4 |    266.1 |   1782.4 |   -417.6 |    293.4 |   -124.2 |    1.0 | sell   |   -1.0 | LOSE_DOWN_YESHAVE_PRED_NOK
 156 |   287.1 |    266.5 |   2075.8 |   -124.2 |      0.0 |   -124.2 |    0.0 | buy    |    0.0 | LOSE_DOWN_NOTHAVE_PRED_OOK
 157 |   287.1 |    265.6 |   1788.7 |   -411.4 |    287.1 |   -124.3 |    1.0 | sell   |   -1.0 | LOSE_DOWN_YESHAVE_PRED_OOK
 158 |   280.5 |    264.6 |   2075.7 |   -124.3 |      0.0 |   -124.3 |    0.0 | buy    |    0.0 | LOSE_DOWN_NOTHAVE_PRED_OOK
 159 |   285.9 |    262.4 |   1795.2 |   -404.8 |    285.9 |   -118.9 |    1.0 | sell   |   -1.0 | LOSE_DOWN_YESHAVE_PRED_NOK
 160 |   265.5 |    261.2 |   2081.1 |   -118.9 |      0.0 |   -118.9 |    0.0 | buy    |    0.0 | LOSE_DOWN_NOTHAVE_PRED_OOK
 161 |   263.0 |    257.0 |   1815.6 |   -384.4 |    263.0 |   -121.4 |    1.0 | sell   |   -1.0 | LOSE_DOWN_YESHAVE_PRED_OOK
 162 |   256.8 |    252.0 |   2078.6 |   -121.4 |      0.0 |   -121.4 |    0.0 | buy    |    0.0 | LOSE_DOWN_NOTHAVE_PRED_OOK
 163 |   255.4 |    246.6 |   1821.8 |   -378.2 |    255.4 |   -122.8 |    1.0 | sell   |   -1.0 | LOSE_DOWN_YESHAVE_PRED_OOK
 164 |   303.0 |    241.9 |   2077.3 |   -122.8 |      0.0 |   -122.8 |    0.0 | buy    |    0.0 | LOSE_DOWN_NOTHAVE_PRED_NOK
 165 |   293.9 |    246.8 |   1774.3 |   -425.8 |    293.9 |   -131.9 |    1.0 | sell   |   -1.0 | LOSE_DOWN_YESHAVE_PRED_OOK
 166 |   291.4 |    252.8 |   2068.1 |   -131.9 |      0.0 |   -131.9 |    0.0 | buy    |    0.0 | LOSE_DOWN_NOTHAVE_PRED_OOK
 167 |   291.4 |    257.4 |   1776.7 |   -423.3 |    291.4 |   -131.9 |    1.0 | sell   |   -1.0 | LOSE_DOWN_YESHAVE_PRED_NOK
 168 |   283.6 |    260.6 |   2068.1 |   -131.9 |      0.0 |   -131.9 |    0.0 | buy    |    0.0 | LOSE_DOWN_NOTHAVE_PRED_OOK
 169 |   293.8 |    261.6 |   1784.5 |   -415.5 |    293.8 |   -121.8 |    1.0 | sell   |   -1.0 | LOSE_DOWN_YESHAVE_PRED_NOK
 170 |   275.9 |    263.5 |   2078.2 |   -121.8 |      0.0 |   -121.8 |    0.0 | buy    |    0.0 | LOSE_DOWN_NOTHAVE_PRED_OOK
 171 |   275.9 |    262.4 |   1802.3 |   -397.7 |    275.9 |   -121.8 |    1.0 | sell   |   -1.0 | LOSE_DOWN_YESHAVE_PRED_NOK
 172 |   272.8 |    260.6 |   2078.2 |   -121.8 |      0.0 |   -121.8 |    0.0 | buy    |    0.0 | LOSE_DOWN_NOTHAVE_PRED_OOK
 173 |   289.1 |    258.7 |   1805.4 |   -394.6 |    289.1 |   -105.4 |    1.0 | sell   |   -1.0 | LOSE_DOWN_YESHAVE_PRED_NOK
 174 |   277.3 |    260.2 |   2094.6 |   -105.4 |      0.0 |   -105.4 |    0.0 | buy    |    0.0 | LOSE_DOWN_NOTHAVE_PRED_OOK
 175 |   276.6 |    260.7 |   1817.3 |   -382.8 |    276.6 |   -106.1 |    1.0 | sell   |   -1.0 | LOSE_DOWN_YESHAVE_PRED_OOK
 176 |   274.1 |    260.4 |   2093.9 |   -106.1 |      0.0 |   -106.1 |    0.0 | buy    |    0.0 | LOSE_DOWN_NOTHAVE_PRED_OOK
 177 |   266.0 |    259.4 |   1819.8 |   -380.2 |    266.0 |   -114.2 |    1.0 | sell   |   -1.0 | LOSE_DOWN_YESHAVE_PRED_OOK
 178 |   271.2 |    257.1 |   2085.8 |   -114.2 |      0.0 |   -114.2 |    0.0 | buy    |    0.0 | LOSE_DOWN_NOTHAVE_PRED_NOK
 179 |   271.2 |    256.0 |   1814.6 |   -385.4 |    271.2 |   -114.2 |    1.0 | sell   |   -1.0 | LOSE_DOWN_YESHAVE_PRED_NOK
 180 |   266.9 |    255.4 |   2085.8 |   -114.2 |      0.0 |   -114.2 |    0.0 | buy    |    0.0 | LOSE_DOWN_NOTHAVE_PRED_OOK
 181 |   266.7 |    254.4 |   1818.9 |   -381.1 |    266.7 |   -114.4 |    1.0 | sell   |   -1.0 | LOSE_DOWN_YESHAVE_PRED_OOK
 182 |   259.1 |    253.5 |   2085.6 |   -114.4 |      0.0 |   -114.4 |    0.0 | buy    |    0.0 | LOSE_DOWN_NOTHAVE_PRED_OOK
 183 |   263.8 |    251.8 |   1826.6 |   -373.5 |    263.8 |   -109.7 |    1.0 | sell   |   -1.0 | LOSE_DOWN_YESHAVE_PRED_NOK
 184 |   265.6 |    250.9 |   2090.4 |   -109.7 |      0.0 |   -109.7 |    0.0 | buy    |    0.0 | LOSE_DOWN_NOTHAVE_PRED_NOK
 185 |   269.9 |    250.9 |   1824.7 |   -375.3 |    269.9 |   -105.4 |    1.0 | sell   |   -1.0 | LOSE_DOWN_YESHAVE_PRED_NOK
 186 |   267.7 |    251.9 |   2094.6 |   -105.4 |      0.0 |   -105.4 |    0.0 | buy    |    0.0 | LOSE_DOWN_NOTHAVE_PRED_OOK
 187 |   275.4 |    253.3 |   1826.9 |   -373.1 |    275.4 |    -97.8 |    1.0 | sell   |   -1.0 | LOSE_DOWN_YESHAVE_PRED_NOK
 188 |   291.6 |    255.6 |   2102.3 |    -97.8 |      0.0 |    -97.8 |    0.0 | buy    |    0.0 | LOSE_DOWN_NOTHAVE_PRED_NOK
 189 |   279.4 |    261.2 |   1810.6 |   -389.4 |    279.4 |   -109.9 |    1.0 | sell   |   -1.0 | LOSE_DOWN_YESHAVE_PRED_OOK
 190 |   274.7 |    264.9 |   2090.1 |   -109.9 |      0.0 |   -109.9 |    0.0 | buy    |    0.0 | LOSE_DOWN_NOTHAVE_PRED_OOK
 191 |   274.7 |    266.3 |   1815.4 |   -384.6 |    274.7 |   -109.9 |    1.0 | sell   |   -1.0 | LOSE_DOWN_YESHAVE_PRED_NOK
 192 |   282.0 |    266.7 |   2090.1 |   -109.9 |      0.0 |   -109.9 |    0.0 | buy    |    0.0 | LOSE_DOWN_NOTHAVE_PRED_NOK
 193 |   295.8 |    268.1 |   1808.1 |   -391.9 |    295.8 |    -96.1 |    1.0 | sell   |   -1.0 | LOSE_DOWN_YESHAVE_PRED_NOK
 194 |   295.8 |    272.2 |   2103.9 |    -96.1 |      0.0 |    -96.1 |    0.0 | buy    |    0.0 | LOSE_DOWN_NOTHAVE_PRED_NOK
 195 |   308.3 |    276.4 |   1808.1 |   -391.9 |    308.3 |    -83.6 |    1.0 | sell   |   -1.0 | LOSE_DOWN_YESHAVE_PRED_NOK
 196 |   327.2 |    282.1 |   2116.4 |    -83.6 |      0.0 |    -83.6 |    0.0 | buy    |    0.0 | LOSE_DOWN_NOTHAVE_PRED_NOK
 197 |   312.3 |    290.9 |   1789.1 |   -410.9 |    312.3 |    -98.6 |    1.0 | sell   |   -1.0 | LOSE_DOWN_YESHAVE_PRED_OOK
 198 |   300.6 |    296.6 |   2101.4 |    -98.6 |      0.0 |    -98.6 |    0.0 | buy    |    0.0 | LOSE_DOWN_NOTHAVE_PRED_OOK
 199 |   312.4 |    297.9 |   1800.8 |   -399.2 |    312.4 |    -86.8 |    1.0 | sell   |   -1.0 | LOSE_DOWN_YESHAVE_PRED_NOK
 200 |   322.6 |    299.8 |   2113.2 |    -86.8 |      0.0 |    -86.8 |    0.0 | buy    |    0.0 | LOSE_DOWN_NOTHAVE_PRED_NOK
 201 |   318.8 |    303.9 |   1790.6 |   -409.4 |    318.8 |    -90.7 |    1.0 | sell   |   -1.0 | LOSE_DOWN_YESHAVE_PRED_OOK
 202 |   318.2 |    307.6 |   2109.3 |    -90.7 |      0.0 |    -90.7 |    0.0 | buy    |    0.0 | LOSE_DOWN_NOTHAVE_PRED_OOK
 203 |   318.2 |    310.6 |   1791.1 |   -408.9 |    318.2 |    -90.7 |    1.0 | sell   |   -1.0 | LOSE_DOWN_YESHAVE_PRED_NOK
 204 |   370.4 |    312.8 |   2109.3 |    -90.7 |      0.0 |    -90.7 |    0.0 | buy    |    0.0 | LOSE_DOWN_NOTHAVE_PRED_NOK
 205 |   347.6 |    324.5 |   1739.0 |   -461.1 |    347.6 |   -113.4 |    1.0 | sell   |   -1.0 | LOSE_DOWN_YESHAVE_PRED_OOK
 206 |   335.6 |    332.8 |   2086.6 |   -113.4 |      0.0 |   -113.4 |    0.0 | buy    |    0.0 | LOSE_DOWN_NOTHAVE_PRED_OOK
 207 |   338.9 |    336.2 |   1751.0 |   -449.1 |    338.9 |   -110.1 |    1.0 | sell   |   -1.0 | LOSE_DOWN_YESHAVE_PRED_NOK
 208 |   365.8 |    338.5 |   2089.9 |   -110.1 |      0.0 |   -110.1 |    0.0 | buy    |    0.0 | LOSE_DOWN_NOTHAVE_PRED_NOK
 209 |   348.6 |    345.7 |   1724.1 |   -475.9 |    348.6 |   -127.4 |    1.0 | sell   |   -1.0 | LOSE_DOWN_YESHAVE_PRED_OOK
 210 |   353.1 |    349.8 |   2072.7 |   -127.4 |      0.0 |   -127.4 |    0.0 | buy    |    0.0 | LOSE_DOWN_NOTHAVE_PRED_NOK
 211 |   376.4 |    353.0 |   1719.6 |   -480.4 |    376.4 |   -104.1 |    1.0 | sell   |   -1.0 | LOSE_DOWN_YESHAVE_PRED_NOK
 212 |   385.0 |    360.1 |   2096.0 |   -104.1 |      0.0 |   -104.1 |    0.0 | buy    |    0.0 | LOSE_DOWN_NOTHAVE_PRED_NOK
 213 |   384.6 |    369.1 |   1711.0 |   -489.1 |    384.6 |   -104.4 |    1.0 | sell   |   -1.0 | LOSE_DOWN_YESHAVE_PRED_OOK
 214 |   398.8 |    377.1 |   2095.6 |   -104.4 |      0.0 |   -104.4 |    0.0 | buy    |    0.0 | LOSE_DOWN_NOTHAVE_PRED_NOK
 215 |   398.8 |    386.3 |   1696.8 |   -503.2 |    398.8 |   -104.4 |    1.0 | sell   |   -1.0 | LOSE_DOWN_YESHAVE_PRED_NOK
 216 |   401.3 |    393.9 |   2095.6 |   -104.4 |      0.0 |   -104.4 |    0.0 | buy    |    0.0 | LOSE_DOWN_NOTHAVE_PRED_NOK
 217 |   398.5 |    399.7 |   1694.3 |   -505.8 |    398.5 |   -107.2 |    1.0 | sell   |   -1.0 | LOSE_GOUP_YESHAVE_PRED_OOK
 218 |   425.3 |    403.8 |   2092.8 |   -107.2 |      0.0 |   -107.2 |    0.0 | buy    |    0.0 | LOSE_DOWN_NOTHAVE_PRED_OOK
 219 |   387.3 |    413.1 |   1667.5 |   -532.5 |    387.3 |   -145.2 |    1.0 | sell   |   -1.0 | LOSE_GOUP_YESHAVE_PRED_OOK
 220 |   395.9 |    413.7 |   2054.8 |   -145.2 |      0.0 |   -145.2 |    0.0 | buy    |    0.0 | LOSE_GOUP_NOTHAVE_PRED_OOK
 221 |   394.5 |    413.6 |   1658.9 |   -541.1 |    394.5 |   -146.6 |    1.0 | sell   |   -1.0 | LOSE_GOUP_YESHAVE_PRED_NOK
 222 |   389.6 |    413.6 |   2053.4 |   -146.6 |      0.0 |   -146.6 |    0.0 | buy    |    0.0 | LOSE_GOUP_NOTHAVE_PRED_NOK
 223 |   408.0 |    412.9 |   1663.8 |   -536.2 |    408.0 |   -128.2 |    1.0 | sell   |   -1.0 | LOSE_GOUP_YESHAVE_PRED_OOK
 224 |   418.1 |    416.0 |   2071.8 |   -128.2 |      0.0 |   -128.2 |    0.0 | buy    |    0.0 | LOSE_DOWN_NOTHAVE_PRED_OOK
 225 |   428.1 |    421.9 |   1653.7 |   -546.3 |    428.1 |   -118.2 |    1.0 | sell   |   -1.0 | LOSE_DOWN_YESHAVE_PRED_NOK
 226 |   451.1 |    429.6 |   2081.8 |   -118.2 |      0.0 |   -118.2 |    0.0 | buy    |    0.0 | LOSE_DOWN_NOTHAVE_PRED_NOK
 227 |   438.0 |    441.7 |   1630.7 |   -569.3 |    438.0 |   -131.3 |    1.0 | sell   |   -1.0 | LOSE_GOUP_YESHAVE_PRED_OOK
 228 |   421.1 |    449.8 |   2068.7 |   -131.3 |      0.0 |   -131.3 |    0.0 | buy    |    0.0 | LOSE_GOUP_NOTHAVE_PRED_NOK
 229 |   434.6 |    451.4 |   1647.5 |   -552.5 |    434.6 |   -117.8 |    1.0 | sell   |   -1.0 | LOSE_GOUP_YESHAVE_PRED_OOK
 230 |   427.4 |    454.3 |   2082.2 |   -117.8 |      0.0 |   -117.8 |    0.0 | buy    |    0.0 | LOSE_GOUP_NOTHAVE_PRED_NOK
 231 |   433.2 |    455.5 |   1654.7 |   -545.3 |    433.2 |   -112.1 |    1.0 | sell   |   -1.0 | LOSE_GOUP_YESHAVE_PRED_OOK
 232 |   416.1 |    458.1 |   2087.9 |   -112.1 |      0.0 |   -112.1 |    0.0 | buy    |    0.0 | LOSE_GOUP_NOTHAVE_PRED_NOK
 233 |   434.2 |    456.9 |   1671.8 |   -528.2 |    434.2 |    -94.0 |    1.0 | sell   |   -1.0 | LOSE_GOUP_YESHAVE_PRED_OOK
 234 |   431.4 |    459.1 |   2106.0 |    -94.0 |      0.0 |    -94.0 |    0.0 | buy    |    0.0 | LOSE_GOUP_NOTHAVE_PRED_NOK
 235 |   435.5 |    461.1 |   1674.7 |   -525.4 |    435.5 |    -89.9 |    1.0 | sell   |   -1.0 | LOSE_GOUP_YESHAVE_PRED_OOK
 236 |   473.4 |    462.8 |   2110.2 |    -89.9 |      0.0 |    -89.9 |    0.0 | buy    |    0.0 | LOSE_DOWN_NOTHAVE_PRED_OOK
 237 |   465.6 |    473.0 |   1636.8 |   -563.3 |    465.6 |    -97.7 |    1.0 | sell   |   -1.0 | LOSE_GOUP_YESHAVE_PRED_OOK
 238 |   494.4 |    482.3 |   2102.3 |    -97.7 |      0.0 |    -97.7 |    0.0 | buy    |    0.0 | LOSE_DOWN_NOTHAVE_PRED_OOK
 239 |   513.0 |    496.8 |   1607.9 |   -592.1 |    513.0 |    -79.1 |    1.0 | sell   |   -1.0 | LOSE_DOWN_YESHAVE_PRED_NOK
 240 |   567.2 |    514.3 |   2120.9 |    -79.1 |      0.0 |    -79.1 |    0.0 | buy    |    0.0 | LOSE_DOWN_NOTHAVE_PRED_NOK
 241 |   562.6 |    543.1 |   1553.7 |   -646.3 |    562.6 |    -83.7 |    1.0 | sell   |   -1.0 | LOSE_DOWN_YESHAVE_PRED_OOK
 242 |   584.0 |    567.1 |   2116.3 |    -83.7 |      0.0 |    -83.7 |    0.0 | buy    |    0.0 | LOSE_DOWN_NOTHAVE_PRED_NOK
 243 |   584.0 |    590.3 |   1532.3 |   -667.7 |    584.0 |    -83.7 |    1.0 | sell   |   -1.0 | LOSE_GOUP_YESHAVE_PRED_NOK
 244 |   633.2 |    608.3 |   2116.3 |    -83.7 |      0.0 |    -83.7 |    0.0 | buy    |    0.0 | LOSE_DOWN_NOTHAVE_PRED_OOK
 245 |   600.4 |    635.4 |   1483.1 |   -717.0 |    600.4 |   -116.6 |    1.0 | sell   |   -1.0 | LOSE_GOUP_YESHAVE_PRED_OOK
 246 |   635.5 |    647.9 |   2083.5 |   -116.6 |      0.0 |   -116.6 |    0.0 | buy    |    0.0 | LOSE_GOUP_NOTHAVE_PRED_OOK
 247 |   624.0 |    665.1 |   1448.0 |   -752.1 |    624.0 |   -128.1 |    1.0 | sell   |   -1.0 | LOSE_GOUP_YESHAVE_PRED_NOK
 248 |   601.8 |    676.0 |   2072.0 |   -128.1 |      0.0 |   -128.1 |    0.0 | buy    |    0.0 | LOSE_GOUP_NOTHAVE_PRED_NOK
 249 |   611.2 |    677.9 |   1470.2 |   -729.8 |    611.2 |   -118.6 |    1.0 | sell   |   -1.0 | LOSE_GOUP_YESHAVE_PRED_OOK
 250 |   644.4 |    681.7 |   2081.5 |   -118.6 |      0.0 |   -118.6 |    0.0 | buy    |    0.0 | LOSE_GOUP_NOTHAVE_PRED_OOK
 251 |   644.4 |    694.1 |   1437.1 |   -763.0 |    644.4 |   -118.6 |    1.0 | sell   |   -1.0 | LOSE_GOUP_YESHAVE_PRED_OOK
 252 |   652.5 |    704.6 |   2081.5 |   -118.6 |      0.0 |   -118.6 |    0.0 | buy    |    0.0 | LOSE_GOUP_NOTHAVE_PRED_OOK
 253 |   673.6 |    714.0 |   1428.9 |   -771.1 |    673.6 |    -97.5 |    1.0 | sell   |   -1.0 | LOSE_GOUP_YESHAVE_PRED_OOK
 254 |   663.5 |    726.6 |   2102.5 |    -97.5 |      0.0 |    -97.5 |    0.0 | buy    |    0.0 | LOSE_GOUP_NOTHAVE_PRED_NOK
 255 |   677.5 |    732.7 |   1439.0 |   -761.0 |    677.5 |    -83.5 |    1.0 | sell   |   -1.0 | LOSE_GOUP_YESHAVE_PRED_OOK
 256 |   662.5 |    740.2 |   2116.5 |    -83.5 |      0.0 |    -83.5 |    0.0 | buy    |    0.0 | LOSE_GOUP_NOTHAVE_PRED_NOK
 257 |   648.5 |    741.0 |   1454.0 |   -746.0 |    648.5 |    -97.5 |    1.0 | sell   |   -1.0 | LOSE_GOUP_YESHAVE_PRED_NOK
 258 |   660.2 |    736.8 |   2102.5 |    -97.5 |      0.0 |    -97.5 |    0.0 | buy    |    0.0 | LOSE_GOUP_NOTHAVE_PRED_OOK
 259 |   668.0 |    737.1 |   1442.3 |   -757.8 |    668.0 |    -89.8 |    1.0 | sell   |   -1.0 | LOSE_GOUP_YESHAVE_PRED_OOK
 260 |   745.2 |    741.0 |   2110.3 |    -89.8 |      0.0 |    -89.8 |    0.0 | buy    |    0.0 | LOSE_DOWN_NOTHAVE_PRED_OOK
 261 |   792.0 |    769.2 |   1365.0 |   -835.0 |    792.0 |    -43.0 |    1.0 | sell   |   -1.0 | LOSE_DOWN_YESHAVE_PRED_NOK
 262 |   794.8 |    807.9 |   2157.0 |    -43.0 |      0.0 |    -43.0 |    0.0 | buy    |    0.0 | LOSE_GOUP_NOTHAVE_PRED_NOK
 263 |   794.8 |    837.0 |   1362.3 |   -837.8 |    794.8 |    -43.0 |    1.0 | sell   |   -1.0 | LOSE_GOUP_YESHAVE_PRED_OOK
 264 |   933.0 |    855.3 |   2157.0 |    -43.0 |      0.0 |    -43.0 |    0.0 | buy    |    0.0 | LOSE_DOWN_NOTHAVE_PRED_OOK
 265 |   969.0 |    917.0 |   1224.0 |   -976.0 |    969.0 |     -7.0 |    1.0 | sell   |   -1.0 | LOSE_DOWN_YESHAVE_PRED_NOK
 266 |   897.0 |    978.3 |   2193.0 |     -7.0 |      0.0 |     -7.0 |    0.0 | buy    |    0.0 | LOSE_GOUP_NOTHAVE_PRED_OOK
 267 |   863.5 |    986.9 |   1296.0 |   -904.0 |    863.5 |    -40.5 |    1.0 | sell   |   -1.0 | LOSE_GOUP_YESHAVE_PRED_NOK
 268 |   879.5 |    971.0 |   2159.5 |    -40.5 |      0.0 |    -40.5 |    0.0 | buy    |    0.0 | LOSE_GOUP_NOTHAVE_PRED_OOK
 269 |   929.5 |    963.4 |   1280.0 |   -920.0 |    929.5 |     +9.5 |    1.0 | sell   |  +10.0 | LOSE_GOUP_YESHAVE_PRED_OOK
 270 |   909.5 |    978.7 |   2209.5 |     +9.5 |      0.0 |     +9.5 |    0.0 | buy    |    0.0 | WINN_GOUP_NOTHAVE_PRED_NOK
 271 |   832.0 |    983.8 |   1300.0 |   -900.0 |    832.0 |    -68.0 |    1.0 | sell   |   -1.0 | LOSE_GOUP_YESHAVE_PRED_NOK
 272 |   876.0 |    956.4 |   2132.0 |    -68.0 |      0.0 |    -68.0 |    0.0 | buy    |    0.0 | LOSE_GOUP_NOTHAVE_PRED_OOK
 273 |   728.5 |    957.9 |   1256.0 |   -944.0 |    728.5 |   -215.5 |    1.0 | sell   |   -1.0 | LOSE_GOUP_YESHAVE_PRED_NOK
 274 |   795.5 |    911.7 |   1984.5 |   -215.5 |      0.0 |   -215.5 |    0.0 | buy    |    0.0 | LOSE_GOUP_NOTHAVE_PRED_OOK
 275 |   795.5 |    907.4 |   1189.0 |  -1011.0 |    795.5 |   -215.5 |    1.0 | sell   |   -1.0 | LOSE_GOUP_YESHAVE_PRED_OOK
 276 |   918.5 |    907.9 |   1984.5 |   -215.5 |      0.0 |   -215.5 |    0.0 | buy    |    0.0 | LOSE_DOWN_NOTHAVE_PRED_OOK
 277 |   943.8 |    954.8 |   1066.0 |  -1134.0 |    943.8 |   -190.2 |    1.0 | sell   |   -1.0 | LOSE_GOUP_YESHAVE_PRED_NOK
 278 |   919.5 |   1000.7 |   2009.8 |   -190.2 |      0.0 |   -190.2 |    0.0 | buy    |    0.0 | LOSE_GOUP_NOTHAVE_PRED_NOK
 279 |   881.5 |   1017.9 |   1090.3 |  -1109.8 |    881.5 |   -228.2 |    1.0 | sell   |   -1.0 | LOSE_GOUP_YESHAVE_PRED_NOK
 280 |   987.0 |   1006.8 |   1971.8 |   -228.2 |      0.0 |   -228.2 |    0.0 | buy    |    0.0 | LOSE_GOUP_NOTHAVE_PRED_OOK
 281 |   931.5 |   1037.0 |    984.8 |  -1215.2 |    931.5 |   -283.8 |    1.0 | sell   |   -1.0 | LOSE_GOUP_YESHAVE_PRED_NOK
 282 |   936.5 |   1033.7 |   1916.3 |   -283.8 |      0.0 |   -283.8 |    0.0 | buy    |    0.0 | LOSE_GOUP_NOTHAVE_PRED_OOK
 283 |   949.8 |   1029.1 |    979.8 |  -1220.2 |    949.8 |   -270.5 |    1.0 | sell   |   -1.0 | LOSE_GOUP_YESHAVE_PRED_OOK
 284 |  1005.8 |   1030.2 |   1929.5 |   -270.5 |      0.0 |   -270.5 |    0.0 | buy    |    0.0 | LOSE_GOUP_NOTHAVE_PRED_OOK
 285 |  1044.5 |   1055.0 |    923.8 |  -1276.2 |   1044.5 |   -231.8 |    1.0 | sell   |   -1.0 | LOSE_GOUP_YESHAVE_PRED_OOK
 286 |  1193.5 |   1089.2 |   1968.3 |   -231.8 |      0.0 |   -231.8 |    0.0 | buy    |    0.0 | LOSE_DOWN_NOTHAVE_PRED_OOK
 287 |  1193.5 |   1182.4 |    774.8 |  -1425.2 |   1193.5 |   -231.8 |    1.0 | sell   |   -1.0 | LOSE_DOWN_YESHAVE_PRED_NOK
 288 |  1082.0 |   1243.1 |   1968.3 |   -231.8 |      0.0 |   -231.8 |    0.0 | buy    |    0.0 | LOSE_GOUP_NOTHAVE_PRED_OOK
 289 |  1117.2 |   1209.8 |    886.3 |  -1313.8 |   1117.2 |   -196.5 |    1.0 | sell   |   -1.0 | LOSE_GOUP_YESHAVE_PRED_OOK
 290 |  1116.0 |   1199.5 |   2003.5 |   -196.5 |      0.0 |   -196.5 |    0.0 | buy    |    0.0 | LOSE_GOUP_NOTHAVE_PRED_NOK
 291 |  1175.2 |   1193.6 |    887.5 |  -1312.5 |   1175.2 |   -137.2 |    1.0 | sell   |   -1.0 | LOSE_GOUP_YESHAVE_PRED_OOK
 292 |  1219.8 |   1221.8 |   2062.8 |   -137.2 |      0.0 |   -137.2 |    0.0 | buy    |    0.0 | LOSE_GOUP_NOTHAVE_PRED_OOK
 293 |  1240.0 |   1264.9 |    843.0 |  -1357.0 |   1240.0 |   -117.0 |    1.0 | sell   |   -1.0 | LOSE_GOUP_YESHAVE_PRED_OOK
 294 |  1168.0 |   1299.8 |   2083.0 |   -117.0 |      0.0 |   -117.0 |    0.0 | buy    |    0.0 | LOSE_GOUP_NOTHAVE_PRED_NOK
 295 |  1250.0 |   1272.3 |    915.0 |  -1285.0 |   1250.0 |    -35.0 |    1.0 | sell   |   -1.0 | LOSE_GOUP_YESHAVE_PRED_OOK
 296 |  1313.0 |   1295.7 |   2165.0 |    -35.0 |      0.0 |    -35.0 |    0.0 | buy    |    0.0 | LOSE_DOWN_NOTHAVE_PRED_OOK
 297 |  1361.5 |   1348.9 |    852.0 |  -1348.0 |   1361.5 |    +13.5 |    1.0 | sell   |  +10.0 | LOSE_DOWN_YESHAVE_PRED_NOK
 298 |  1391.5 |   1408.8 |   2213.5 |    +13.5 |      0.0 |    +13.5 |    0.0 | buy    |    0.0 | WINN_GOUP_NOTHAVE_PRED_NOK
 299 |  1410.2 |   1457.0 |    822.0 |  -1378.0 |   1410.2 |    +32.2 |    1.0 | sell   |  +10.0 | LOSE_GOUP_YESHAVE_PRED_OOK
 300 |  1337.5 |   1487.1 |   2232.3 |    +32.2 |      0.0 |    +32.2 |    0.0 | buy    |    0.0 | WINN_GOUP_NOTHAVE_PRED_NOK
 301 |  1414.5 |   1442.9 |    894.8 |  -1305.2 |   1414.5 |   +109.2 |    1.0 | sell   |  +10.0 | LOSE_GOUP_YESHAVE_PRED_OOK
 302 |  1434.5 |   1454.6 |   2309.3 |   +109.2 |      0.0 |   +109.2 |    0.0 | buy    |    0.0 | WINN_GOUP_NOTHAVE_PRED_OOK
 303 |  1434.5 |   1474.1 |    874.8 |  -1325.2 |   1434.5 |   +109.2 |    1.0 | sell   |  +10.0 | LOSE_GOUP_YESHAVE_PRED_OOK
 304 |  1532.2 |   1477.8 |   2309.3 |   +109.2 |      0.0 |   +109.2 |    0.0 | buy    |    0.0 | WINN_DOWN_NOTHAVE_PRED_OOK
 305 |  1492.8 |   1537.8 |    777.0 |  -1423.0 |   1492.8 |    +69.8 |    1.0 | sell   |  +10.0 | LOSE_GOUP_YESHAVE_PRED_OOK
 306 |  1613.5 |   1541.5 |   2269.8 |    +69.8 |      0.0 |    +69.8 |    0.0 | buy    |    0.0 | WINN_DOWN_NOTHAVE_PRED_OOK
 307 |  1815.5 |   1603.7 |    656.3 |  -1543.8 |   1815.5 |   +271.8 |    1.0 | sell   |  +10.0 | LOSE_DOWN_YESHAVE_PRED_NOK
 308 |  1629.0 |   1774.8 |   2471.8 |   +271.8 |      0.0 |   +271.8 |    0.0 | buy    |    0.0 | WINN_GOUP_NOTHAVE_PRED_OOK
 309 |  1702.0 |   1722.1 |    842.8 |  -1357.2 |   1702.0 |   +344.8 |    1.0 | sell   |  +10.0 | LOSE_GOUP_YESHAVE_PRED_OOK
 310 |  1750.0 |   1687.4 |   2544.8 |   +344.8 |      0.0 |   +344.8 |    0.0 | buy    |    0.0 | WINN_DOWN_NOTHAVE_PRED_OOK
 311 |  1574.5 |   1693.7 |    794.8 |  -1405.2 |   1574.5 |   +169.2 |    1.0 | sell   |  +10.0 | LOSE_GOUP_YESHAVE_PRED_OOK
 312 |  1744.0 |   1570.5 |   2369.3 |   +169.2 |      0.0 |   +169.2 |    0.0 | buy    |    0.0 | WINN_DOWN_NOTHAVE_PRED_OOK
 313 |  1721.0 |   1592.8 |    625.3 |  -1574.8 |   1721.0 |   +146.2 |    1.0 | sell   |  +10.0 | LOSE_DOWN_YESHAVE_PRED_OOK
 314 |  1660.8 |   1614.3 |   2346.3 |   +146.2 |      0.0 |   +146.2 |    0.0 | buy    |    0.0 | WINN_DOWN_NOTHAVE_PRED_OOK
 315 |  1661.2 |   1576.3 |    685.5 |  -1514.5 |   1661.2 |   +146.8 |    1.0 | sell   |  +10.0 | LOSE_DOWN_YESHAVE_PRED_NOK
 316 |  1552.5 |   1548.9 |   2346.8 |   +146.8 |      0.0 |   +146.8 |    0.0 | buy    |    0.0 | WINN_DOWN_NOTHAVE_PRED_OOK
 317 |  1569.5 |   1473.8 |    794.3 |  -1405.8 |   1569.5 |   +163.8 |    1.0 | sell   |  +10.0 | LOSE_DOWN_YESHAVE_PRED_NOK
 318 |  1614.8 |   1446.9 |   2363.8 |   +163.8 |      0.0 |   +163.8 |    0.0 | buy    |    0.0 | WINN_DOWN_NOTHAVE_PRED_NOK
 319 |  1657.8 |   1475.0 |    749.0 |  -1451.0 |   1657.8 |   +206.8 |    1.0 | sell   |  +10.0 | LOSE_DOWN_YESHAVE_PRED_NOK
 320 |  1770.5 |   1527.1 |   2406.8 |   +206.8 |      0.0 |   +206.8 |    0.0 | buy    |    0.0 | WINN_DOWN_NOTHAVE_PRED_NOK
 321 |  1723.2 |   1628.6 |    636.3 |  -1563.8 |   1723.2 |   +159.5 |    1.0 | sell   |  +10.0 | LOSE_DOWN_YESHAVE_PRED_OOK
 322 |  1728.2 |   1651.6 |   2359.5 |   +159.5 |      0.0 |   +159.5 |    0.0 | buy    |    0.0 | WINN_DOWN_NOTHAVE_PRED_NOK
 323 |  1728.2 |   1645.1 |    631.3 |  -1568.8 |   1728.2 |   +159.5 |    1.0 | sell   |  +10.0 | LOSE_DOWN_YESHAVE_PRED_NOK
 324 |  1665.0 |   1630.9 |   2359.5 |   +159.5 |      0.0 |   +159.5 |    0.0 | buy    |    0.0 | WINN_DOWN_NOTHAVE_PRED_OOK
 325 |  1570.0 |   1575.3 |    694.5 |  -1505.5 |   1570.0 |    +64.5 |    1.0 | sell   |  +10.0 | LOSE_GOUP_YESHAVE_PRED_OOK
 326 |  1570.0 |   1481.7 |   2264.5 |    +64.5 |      0.0 |    +64.5 |    0.0 | buy    |    0.0 | WINN_DOWN_NOTHAVE_PRED_OOK
 327 |  1469.5 |   1440.8 |    694.5 |  -1505.5 |   1469.5 |    -36.0 |    1.0 | sell   |   -1.0 | LOSE_DOWN_YESHAVE_PRED_OOK
 328 |  1410.2 |   1378.7 |   2164.0 |    -36.0 |      0.0 |    -36.0 |    0.0 | buy    |    0.0 | LOSE_DOWN_NOTHAVE_PRED_OOK
 329 |  1243.5 |   1320.2 |    753.8 |  -1446.2 |   1243.5 |   -202.8 |    1.0 | sell   |   -1.0 | LOSE_GOUP_YESHAVE_PRED_OOK
 330 |  1323.8 |   1212.7 |   1997.3 |   -202.8 |      0.0 |   -202.8 |    0.0 | buy    |    0.0 | LOSE_DOWN_NOTHAVE_PRED_OOK
 331 |  1392.8 |   1207.2 |    673.5 |  -1526.5 |   1392.8 |   -133.8 |    1.0 | sell   |   -1.0 | LOSE_DOWN_YESHAVE_PRED_NOK
 332 |  1332.2 |   1265.9 |   2066.3 |   -133.8 |      0.0 |   -133.8 |    0.0 | buy    |    0.0 | LOSE_DOWN_NOTHAVE_PRED_OOK
 333 |  1314.8 |   1281.5 |    734.0 |  -1466.0 |   1314.8 |   -151.2 |    1.0 | sell   |   -1.0 | LOSE_DOWN_YESHAVE_PRED_OOK
 334 |  1245.2 |   1280.6 |   2048.8 |   -151.2 |      0.0 |   -151.2 |    0.0 | buy    |    0.0 | LOSE_GOUP_NOTHAVE_PRED_OOK
 335 |  1245.2 |   1244.6 |    803.5 |  -1396.5 |   1245.2 |   -151.2 |    1.0 | sell   |   -1.0 | LOSE_DOWN_YESHAVE_PRED_OOK
 336 |  1246.5 |   1227.9 |   2048.8 |   -151.2 |      0.0 |   -151.2 |    0.0 | buy    |    0.0 | LOSE_DOWN_NOTHAVE_PRED_NOK
 337 |  1327.8 |   1226.7 |    802.3 |  -1397.8 |   1327.8 |    -70.0 |    1.0 | sell   |   -1.0 | LOSE_DOWN_YESHAVE_PRED_NOK
 338 |  1286.5 |   1278.3 |   2130.0 |    -70.0 |      0.0 |    -70.0 |    0.0 | buy    |    0.0 | LOSE_DOWN_NOTHAVE_PRED_OOK
 339 |  1283.0 |   1287.5 |    843.5 |  -1356.5 |   1283.0 |    -73.5 |    1.0 | sell   |   -1.0 | LOSE_GOUP_YESHAVE_PRED_OOK
 340 |  1254.0 |   1286.0 |   2126.5 |    -73.5 |      0.0 |    -73.5 |    0.0 | buy    |    0.0 | LOSE_GOUP_NOTHAVE_PRED_NOK
 341 |  1325.8 |   1267.5 |    872.5 |  -1327.5 |   1325.8 |     -1.8 |    1.0 | sell   |   -1.0 | LOSE_DOWN_YESHAVE_PRED_OOK
 342 |  1284.5 |   1297.9 |   2198.3 |     -1.8 |      0.0 |     -1.8 |    0.0 | buy    |    0.0 | LOSE_GOUP_NOTHAVE_PRED_OOK
 343 |  1287.2 |   1294.0 |    913.8 |  -1286.2 |   1287.2 |     +1.0 |    1.0 | sell   |  +10.0 | LOSE_GOUP_YESHAVE_PRED_OOK
 344 |  1208.5 |   1291.8 |   2201.0 |     +1.0 |      0.0 |     +1.0 |    0.0 | buy    |    0.0 | WINN_GOUP_NOTHAVE_PRED_NOK
 345 |  1173.2 |   1246.0 |    992.5 |  -1207.5 |   1173.2 |    -34.2 |    1.0 | sell   |   -1.0 | LOSE_GOUP_YESHAVE_PRED_NOK
 346 |  1178.8 |   1205.3 |   2165.8 |    -34.2 |      0.0 |    -34.2 |    0.0 | buy    |    0.0 | LOSE_GOUP_NOTHAVE_PRED_OOK
 347 |  1178.8 |   1192.7 |    987.0 |  -1213.0 |   1178.8 |    -34.2 |    1.0 | sell   |   -1.0 | LOSE_GOUP_YESHAVE_PRED_OOK
 348 |  1263.5 |   1194.0 |   2165.8 |    -34.2 |      0.0 |    -34.2 |    0.0 | buy    |    0.0 | LOSE_DOWN_NOTHAVE_PRED_OOK
 349 |  1205.0 |   1242.2 |    902.3 |  -1297.8 |   1205.0 |    -92.8 |    1.0 | sell   |   -1.0 | LOSE_GOUP_YESHAVE_PRED_OOK
 350 |  1181.2 |   1240.1 |   2107.3 |    -92.8 |      0.0 |    -92.8 |    0.0 | buy    |    0.0 | LOSE_GOUP_NOTHAVE_PRED_NOK
 351 |  1179.0 |   1222.5 |    926.0 |  -1274.0 |   1179.0 |    -95.0 |    1.0 | sell   |   -1.0 | LOSE_GOUP_YESHAVE_PRED_NOK
 352 |  1187.3 |   1210.6 |   2105.0 |    -95.0 |      0.0 |    -95.0 |    0.0 | buy    |    0.0 | LOSE_GOUP_NOTHAVE_PRED_OOK
 353 |  1171.7 |   1208.8 |    917.7 |  -1282.3 |   1171.7 |   -110.6 |    1.0 | sell   |   -1.0 | LOSE_GOUP_YESHAVE_PRED_NOK
 354 |  1080.0 |   1201.2 |   2089.4 |   -110.6 |      0.0 |   -110.6 |    0.0 | buy    |    0.0 | LOSE_GOUP_NOTHAVE_PRED_NOK
 355 |  1141.9 |   1152.9 |   1009.4 |  -1190.6 |   1141.9 |    -48.7 |    1.0 | sell   |   -1.0 | LOSE_GOUP_YESHAVE_PRED_OOK
 356 |  1114.2 |   1159.3 |   2151.3 |    -48.7 |      0.0 |    -48.7 |    0.0 | buy    |    0.0 | LOSE_GOUP_NOTHAVE_PRED_NOK
 357 |  1147.8 |   1152.9 |   1037.1 |  -1162.9 |   1147.8 |    -15.2 |    1.0 | sell   |   -1.0 | LOSE_GOUP_YESHAVE_PRED_OOK
 358 |  1069.2 |   1166.4 |   2184.8 |    -15.2 |      0.0 |    -15.2 |    0.0 | buy    |    0.0 | LOSE_GOUP_NOTHAVE_PRED_NOK
 359 |  1069.2 |   1139.3 |   1115.6 |  -1084.4 |   1069.2 |    -15.2 |    1.0 | sell   |   -1.0 | LOSE_GOUP_YESHAVE_PRED_OOK
 360 |  1122.0 |   1125.8 |   2184.8 |    -15.2 |      0.0 |    -15.2 |    0.0 | buy    |    0.0 | LOSE_GOUP_NOTHAVE_PRED_OOK
 361 |  1240.0 |   1145.8 |   1062.8 |  -1137.2 |   1240.0 |   +102.8 |    1.0 | sell   |  +10.0 | LOSE_DOWN_YESHAVE_PRED_OOK
 362 |  1232.1 |   1215.2 |   2302.8 |   +102.8 |      0.0 |   +102.8 |    0.0 | buy    |    0.0 | WINN_DOWN_NOTHAVE_PRED_OOK
 363 |  1274.5 |   1250.4 |   1070.7 |  -1129.3 |   1274.5 |   +145.2 |    1.0 | sell   |  +10.0 | LOSE_DOWN_YESHAVE_PRED_NOK
 364 |  1216.2 |   1285.4 |   2345.2 |   +145.2 |      0.0 |   +145.2 |    0.0 | buy    |    0.0 | WINN_GOUP_NOTHAVE_PRED_OOK
 365 |  1331.8 |   1266.2 |   1129.0 |  -1071.0 |   1331.8 |   +260.7 |    1.0 | sell   |  +10.0 | LOSE_DOWN_YESHAVE_PRED_OOK
 366 |  1348.8 |   1313.0 |   2460.7 |   +260.7 |      0.0 |   +260.7 |    0.0 | buy    |    0.0 | WINN_DOWN_NOTHAVE_PRED_NOK
 367 |  1305.7 |   1345.7 |   1111.9 |  -1088.1 |   1305.7 |   +217.6 |    1.0 | sell   |  +10.0 | LOSE_GOUP_YESHAVE_PRED_OOK
 368 |  1327.9 |   1330.5 |   2417.6 |   +217.6 |      0.0 |   +217.6 |    0.0 | buy    |    0.0 | WINN_GOUP_NOTHAVE_PRED_OOK
 369 |  1284.4 |   1327.7 |   1089.7 |  -1110.3 |   1284.4 |   +174.1 |    1.0 | sell   |  +10.0 | LOSE_GOUP_YESHAVE_PRED_NOK
 370 |  1168.8 |   1297.9 |   2374.1 |   +174.1 |      0.0 |   +174.1 |    0.0 | buy    |    0.0 | WINN_GOUP_NOTHAVE_PRED_NOK
 371 |  1159.1 |   1216.5 |   1205.3 |   -994.7 |   1159.1 |   +164.4 |    1.0 | sell   |  +10.0 | LOSE_GOUP_YESHAVE_PRED_NOK
